Date;Value;Currency/Unit
16/01/2019;61,56;EUR/MWh
17/01/2019;66,68;EUR/MWh
18/01/2019;63,87;EUR/MWh
19/01/2019;61,54;EUR/MWh
20/01/2019;71,51;EUR/MWh
21/01/2019;72,32;EUR/MWh
22/01/2019;76,07;EUR/MWh
23/01/2019;85,94;EUR/MWh
24/01/2019;69,53;EUR/MWh
25/01/2019;54,39;EUR/MWh
26/01/2019;40,53;EUR/MWh
27/01/2019;55,89;EUR/MWh
28/01/2019;62,67;EUR/MWh
29/01/2019;59,18;EUR/MWh
30/01/2019;61,13;EUR/MWh
31/01/2019;59,49;EUR/MWh
01/02/2019;50,21;EUR/MWh
02/02/2019;47,78;EUR/MWh
03/02/2019;57,23;EUR/MWh
04/02/2019;58,36;EUR/MWh
05/02/2019;52,99;EUR/MWh
06/02/2019;48,21;EUR/MWh
07/02/2019;47,39;EUR/MWh
08/02/2019;33,78;EUR/MWh
09/02/2019;32,09;EUR/MWh
10/02/2019;47,13;EUR/MWh
11/02/2019;51,39;EUR/MWh
12/02/2019;49,7;EUR/MWh
13/02/2019;50,45;EUR/MWh
14/02/2019;48,85;EUR/MWh
15/02/2019;44,03;EUR/MWh
16/02/2019;39,67;EUR/MWh
17/02/2019;47,02;EUR/MWh
18/02/2019;47,02;EUR/MWh
19/02/2019;47,16;EUR/MWh
20/02/2019;47,03;EUR/MWh
21/02/2019;47,02;EUR/MWh
22/02/2019;40,06;EUR/MWh
23/02/2019;39,64;EUR/MWh
24/02/2019;44,44;EUR/MWh
25/02/2019;43,75;EUR/MWh
26/02/2019;43,43;EUR/MWh
27/02/2019;40,09;EUR/MWh
28/02/2019;44,35;EUR/MWh
01/03/2019;40,71;EUR/MWh
02/03/2019;17,88;EUR/MWh
03/03/2019;29,23;EUR/MWh
04/03/2019;40,41;EUR/MWh
05/03/2019;35,98;EUR/MWh
06/03/2019;32,65;EUR/MWh
07/03/2019;40,03;EUR/MWh
08/03/2019;24,03;EUR/MWh
09/03/2019;18,29;EUR/MWh
10/03/2019;39,28;EUR/MWh
11/03/2019;39,41;EUR/MWh
12/03/2019;28,88;EUR/MWh
13/03/2019;35,13;EUR/MWh
14/03/2019;29,85;EUR/MWh
15/03/2019;17,75;EUR/MWh
16/03/2019;8,76;EUR/MWh
17/03/2019;38,6;EUR/MWh
18/03/2019;45,31;EUR/MWh
19/03/2019;41,96;EUR/MWh
20/03/2019;39,93;EUR/MWh
21/03/2019;40,45;EUR/MWh
22/03/2019;35,6;EUR/MWh
23/03/2019;33,35;EUR/MWh
24/03/2019;33,86;EUR/MWh
25/03/2019;37,29;EUR/MWh
26/03/2019;39,97;EUR/MWh
27/03/2019;40,48;EUR/MWh
28/03/2019;39,34;EUR/MWh
29/03/2019;34,05;EUR/MWh
30/03/2019;26,68;EUR/MWh
31/03/2019;36,67;EUR/MWh
01/04/2019;35,73;EUR/MWh
02/04/2019;42,93;EUR/MWh
03/04/2019;43,8;EUR/MWh
04/04/2019;43,53;EUR/MWh
05/04/2019;39,13;EUR/MWh
06/04/2019;38,37;EUR/MWh
07/04/2019;45,42;EUR/MWh
08/04/2019;42,72;EUR/MWh
09/04/2019;44,07;EUR/MWh
10/04/2019;44,74;EUR/MWh
11/04/2019;44,9;EUR/MWh
12/04/2019;42,95;EUR/MWh
13/04/2019;41,57;EUR/MWh
14/04/2019;46,91;EUR/MWh
15/04/2019;45,25;EUR/MWh
16/04/2019;42,26;EUR/MWh
17/04/2019;41,55;EUR/MWh
18/04/2019;36,3;EUR/MWh
19/04/2019;30,31;EUR/MWh
20/04/2019;30,88;EUR/MWh
21/04/2019;10,86;EUR/MWh
22/04/2019;26,94;EUR/MWh
23/04/2019;33,39;EUR/MWh
24/04/2019;28,66;EUR/MWh
25/04/2019;39,97;EUR/MWh
26/04/2019;24,26;EUR/MWh
27/04/2019;33,46;EUR/MWh
28/04/2019;42,06;EUR/MWh
29/04/2019;42,85;EUR/MWh
30/04/2019;28,34;EUR/MWh
01/05/2019;38,93;EUR/MWh
02/05/2019;40,78;EUR/MWh
03/05/2019;38,57;EUR/MWh
04/05/2019;31,33;EUR/MWh
05/05/2019;44,76;EUR/MWh
06/05/2019;50,02;EUR/MWh
07/05/2019;38,4;EUR/MWh
08/05/2019;44,66;EUR/MWh
09/05/2019;44,88;EUR/MWh
10/05/2019;33,34;EUR/MWh
11/05/2019;23,53;EUR/MWh
12/05/2019;39,21;EUR/MWh
13/05/2019;40,57;EUR/MWh
14/05/2019;40,72;EUR/MWh
15/05/2019;39,73;EUR/MWh
16/05/2019;42,11;EUR/MWh
17/05/2019;36,85;EUR/MWh
18/05/2019;35,22;EUR/MWh
19/05/2019;45,49;EUR/MWh
20/05/2019;42,65;EUR/MWh
21/05/2019;40,09;EUR/MWh
22/05/2019;39,67;EUR/MWh
23/05/2019;38,81;EUR/MWh
24/05/2019;36,68;EUR/MWh
25/05/2019;21,34;EUR/MWh
26/05/2019;31,83;EUR/MWh
27/05/2019;34,52;EUR/MWh
28/05/2019;37,49;EUR/MWh
29/05/2019;19,29;EUR/MWh
30/05/2019;33,82;EUR/MWh
31/05/2019;28,88;EUR/MWh
01/06/2019;17,69;EUR/MWh
02/06/2019;35,22;EUR/MWh
03/06/2019;35,6;EUR/MWh
04/06/2019;35,11;EUR/MWh
05/06/2019;33,53;EUR/MWh
06/06/2019;26,45;EUR/MWh
07/06/2019;3,76;EUR/MWh
08/06/2019;20,03;EUR/MWh
09/06/2019;31,26;EUR/MWh
10/06/2019;40,33;EUR/MWh
11/06/2019;39,48;EUR/MWh
12/06/2019;32,44;EUR/MWh
13/06/2019;34,5;EUR/MWh
14/06/2019;27,79;EUR/MWh
15/06/2019;23,77;EUR/MWh
16/06/2019;33,4;EUR/MWh
17/06/2019;33,77;EUR/MWh
18/06/2019;33,26;EUR/MWh
19/06/2019;34,66;EUR/MWh
20/06/2019;33,89;EUR/MWh
21/06/2019;24,31;EUR/MWh
22/06/2019;12,01;EUR/MWh
23/06/2019;29,73;EUR/MWh
24/06/2019;33,54;EUR/MWh
25/06/2019;29,33;EUR/MWh
26/06/2019;31,25;EUR/MWh
27/06/2019;35,02;EUR/MWh
28/06/2019;29,18;EUR/MWh
29/06/2019;18,61;EUR/MWh
30/06/2019;30,13;EUR/MWh
01/07/2019;33,95;EUR/MWh
02/07/2019;31,82;EUR/MWh
03/07/2019;31,28;EUR/MWh
04/07/2019;33,83;EUR/MWh
05/07/2019;29,34;EUR/MWh
06/07/2019;25,44;EUR/MWh
07/07/2019;34,74;EUR/MWh
08/07/2019;35,63;EUR/MWh
09/07/2019;40,47;EUR/MWh
10/07/2019;44,11;EUR/MWh
11/07/2019;40,92;EUR/MWh
12/07/2019;36,44;EUR/MWh
13/07/2019;33,04;EUR/MWh
14/07/2019;39,6;EUR/MWh
15/07/2019;42,9;EUR/MWh
16/07/2019;45,22;EUR/MWh
17/07/2019;40,97;EUR/MWh
18/07/2019;42,39;EUR/MWh
19/07/2019;33,14;EUR/MWh
20/07/2019;32,28;EUR/MWh
21/07/2019;41,8;EUR/MWh
22/07/2019;46,07;EUR/MWh
23/07/2019;52,93;EUR/MWh
24/07/2019;50,26;EUR/MWh
25/07/2019;46,8;EUR/MWh
26/07/2019;36,26;EUR/MWh
27/07/2019;31,64;EUR/MWh
28/07/2019;40,38;EUR/MWh
29/07/2019;31,97;EUR/MWh
30/07/2019;31,79;EUR/MWh
31/07/2019;42;EUR/MWh
01/08/2019;41,31;EUR/MWh
02/08/2019;35,13;EUR/MWh
03/08/2019;34,06;EUR/MWh
04/08/2019;36,63;EUR/MWh
05/08/2019;41,19;EUR/MWh
06/08/2019;36,46;EUR/MWh
07/08/2019;33,39;EUR/MWh
08/08/2019;29,02;EUR/MWh
09/08/2019;14,03;EUR/MWh
10/08/2019;20,13;EUR/MWh
11/08/2019;32,58;EUR/MWh
12/08/2019;33,65;EUR/MWh
13/08/2019;31,9;EUR/MWh
14/08/2019;23,83;EUR/MWh
15/08/2019;31,29;EUR/MWh
16/08/2019;24,13;EUR/MWh
17/08/2019;22,75;EUR/MWh
18/08/2019;31,12;EUR/MWh
19/08/2019;34,6;EUR/MWh
20/08/2019;34,03;EUR/MWh
21/08/2019;33,29;EUR/MWh
22/08/2019;31,31;EUR/MWh
23/08/2019;31,26;EUR/MWh
24/08/2019;28,5;EUR/MWh
25/08/2019;40,42;EUR/MWh
26/08/2019;45,49;EUR/MWh
27/08/2019;46,8;EUR/MWh
28/08/2019;42,68;EUR/MWh
29/08/2019;39,94;EUR/MWh
30/08/2019;32,26;EUR/MWh
31/08/2019;30,09;EUR/MWh
01/09/2019;38,35;EUR/MWh
02/09/2019;36,39;EUR/MWh
03/09/2019;33,08;EUR/MWh
04/09/2019;32,62;EUR/MWh
05/09/2019;32,15;EUR/MWh
06/09/2019;32,77;EUR/MWh
07/09/2019;31,1;EUR/MWh
08/09/2019;42,82;EUR/MWh
09/09/2019;35,6;EUR/MWh
10/09/2019;32,79;EUR/MWh
11/09/2019;37,39;EUR/MWh
12/09/2019;38,84;EUR/MWh
13/09/2019;34,5;EUR/MWh
14/09/2019;28,29;EUR/MWh
15/09/2019;47;EUR/MWh
16/09/2019;42,75;EUR/MWh
17/09/2019;39,06;EUR/MWh
18/09/2019;42,83;EUR/MWh
19/09/2019;40,28;EUR/MWh
20/09/2019;28,84;EUR/MWh
21/09/2019;27,46;EUR/MWh
22/09/2019;41,74;EUR/MWh
23/09/2019;40,25;EUR/MWh
24/09/2019;39,88;EUR/MWh
25/09/2019;39,31;EUR/MWh
26/09/2019;37,24;EUR/MWh
27/09/2019;28,37;EUR/MWh
28/09/2019;17,8;EUR/MWh
29/09/2019;36,67;EUR/MWh
30/09/2019;39,97;EUR/MWh
01/10/2019;38,69;EUR/MWh
02/10/2019;40,8;EUR/MWh
03/10/2019;40;EUR/MWh
04/10/2019;37,31;EUR/MWh
05/10/2019;31,81;EUR/MWh
06/10/2019;44,73;EUR/MWh
07/10/2019;39,21;EUR/MWh
08/10/2019;36,25;EUR/MWh
09/10/2019;35,08;EUR/MWh
10/10/2019;27,9;EUR/MWh
11/10/2019;24,99;EUR/MWh
12/10/2019;23,81;EUR/MWh
13/10/2019;37,53;EUR/MWh
14/10/2019;43,64;EUR/MWh
15/10/2019;41,2;EUR/MWh
16/10/2019;44,08;EUR/MWh
17/10/2019;39,23;EUR/MWh
18/10/2019;33,09;EUR/MWh
19/10/2019;34,83;EUR/MWh
20/10/2019;44,65;EUR/MWh
21/10/2019;47,45;EUR/MWh
22/10/2019;44,47;EUR/MWh
23/10/2019;39,2;EUR/MWh
24/10/2019;38,34;EUR/MWh
25/10/2019;26,16;EUR/MWh
26/10/2019;30,67;EUR/MWh
27/10/2019;46,92;EUR/MWh
28/10/2019;48,57;EUR/MWh
29/10/2019;49,66;EUR/MWh
30/10/2019;46,48;EUR/MWh
31/10/2019;31,7;EUR/MWh
01/11/2019;28,38;EUR/MWh
02/11/2019;25,67;EUR/MWh
03/11/2019;37,49;EUR/MWh
04/11/2019;42,7;EUR/MWh
05/11/2019;51,79;EUR/MWh
06/11/2019;43,52;EUR/MWh
07/11/2019;48,38;EUR/MWh
08/11/2019;41,69;EUR/MWh
09/11/2019;41,03;EUR/MWh
10/11/2019;44,56;EUR/MWh
11/11/2019;48,45;EUR/MWh
12/11/2019;56,49;EUR/MWh
13/11/2019;53,08;EUR/MWh
14/11/2019;57,41;EUR/MWh
15/11/2019;46,34;EUR/MWh
16/11/2019;43,24;EUR/MWh
17/11/2019;56,25;EUR/MWh
18/11/2019;64,2;EUR/MWh
19/11/2019;59,37;EUR/MWh
20/11/2019;56,24;EUR/MWh
21/11/2019;47,53;EUR/MWh
22/11/2019;40,67;EUR/MWh
23/11/2019;41,23;EUR/MWh
24/11/2019;51,24;EUR/MWh
25/11/2019;47,37;EUR/MWh
26/11/2019;42,31;EUR/MWh
27/11/2019;40,21;EUR/MWh
28/11/2019;47,41;EUR/MWh
29/11/2019;42,32;EUR/MWh
30/11/2019;43,13;EUR/MWh
01/12/2019;50,98;EUR/MWh
02/12/2019;57,85;EUR/MWh
03/12/2019;59,58;EUR/MWh
04/12/2019;57,83;EUR/MWh
05/12/2019;48,78;EUR/MWh
06/12/2019;45,73;EUR/MWh
07/12/2019;31,54;EUR/MWh
08/12/2019;36,63;EUR/MWh
09/12/2019;45,69;EUR/MWh
10/12/2019;46,53;EUR/MWh
11/12/2019;45,17;EUR/MWh
12/12/2019;35,74;EUR/MWh
13/12/2019;29,25;EUR/MWh
14/12/2019;24,99;EUR/MWh
15/12/2019;42,89;EUR/MWh
16/12/2019;42,67;EUR/MWh
17/12/2019;41,93;EUR/MWh
18/12/2019;28,19;EUR/MWh
19/12/2019;26,17;EUR/MWh
20/12/2019;20,02;EUR/MWh
21/12/2019;13,79;EUR/MWh
22/12/2019;26,15;EUR/MWh
23/12/2019;20,7;EUR/MWh
24/12/2019;14,52;EUR/MWh
25/12/2019;25,78;EUR/MWh
26/12/2019;32,72;EUR/MWh
27/12/2019;31,29;EUR/MWh
28/12/2019;31,09;EUR/MWh
29/12/2019;34,74;EUR/MWh
30/12/2019;38,26;EUR/MWh
31/12/2019;35,21;EUR/MWh
01/01/2020;39,46;EUR/MWh
02/01/2020;36,84;EUR/MWh
03/01/2020;34,34;EUR/MWh
04/01/2020;36,05;EUR/MWh
05/01/2020;39,19;EUR/MWh
06/01/2020;41,97;EUR/MWh
07/01/2020;40,43;EUR/MWh
08/01/2020;36,28;EUR/MWh
09/01/2020;38,48;EUR/MWh
10/01/2020;35,15;EUR/MWh
11/01/2020;28,88;EUR/MWh
12/01/2020;38,53;EUR/MWh
13/01/2020;30,55;EUR/MWh
14/01/2020;31,62;EUR/MWh
15/01/2020;37,14;EUR/MWh
16/01/2020;36,79;EUR/MWh
17/01/2020;35,69;EUR/MWh
18/01/2020;33,26;EUR/MWh
19/01/2020;44,78;EUR/MWh
20/01/2020;46,85;EUR/MWh
21/01/2020;48,4;EUR/MWh
22/01/2020;51,54;EUR/MWh
23/01/2020;50,92;EUR/MWh
24/01/2020;40,8;EUR/MWh
25/01/2020;34,68;EUR/MWh
26/01/2020;38,51;EUR/MWh
27/01/2020;34,79;EUR/MWh
28/01/2020;36,19;EUR/MWh
29/01/2020;35,66;EUR/MWh
30/01/2020;29,2;EUR/MWh
31/01/2020;17,4;EUR/MWh
01/02/2020;20,44;EUR/MWh
02/02/2020;26,43;EUR/MWh
03/02/2020;27,97;EUR/MWh
04/02/2020;36,54;EUR/MWh
05/02/2020;37,04;EUR/MWh
06/02/2020;34,87;EUR/MWh
07/02/2020;27,98;EUR/MWh
08/02/2020;14,73;EUR/MWh
09/02/2020;19,78;EUR/MWh
10/02/2020;24,67;EUR/MWh
11/02/2020;28,48;EUR/MWh
12/02/2020;30,44;EUR/MWh
13/02/2020;30,81;EUR/MWh
14/02/2020;22,42;EUR/MWh
15/02/2020;8,08;EUR/MWh
16/02/2020;24,02;EUR/MWh
17/02/2020;26,53;EUR/MWh
18/02/2020;31,14;EUR/MWh
19/02/2020;30,1;EUR/MWh
20/02/2020;30,59;EUR/MWh
21/02/2020;24,01;EUR/MWh
22/02/2020;19,53;EUR/MWh
23/02/2020;28,17;EUR/MWh
24/02/2020;26,5;EUR/MWh
25/02/2020;31;EUR/MWh
26/02/2020;34,59;EUR/MWh
27/02/2020;31,02;EUR/MWh
28/02/2020;15,87;EUR/MWh
29/02/2020;15,65;EUR/MWh
01/03/2020;32,71;EUR/MWh
02/03/2020;36,62;EUR/MWh
03/03/2020;39,34;EUR/MWh
04/03/2020;33,86;EUR/MWh
05/03/2020;30,48;EUR/MWh
06/03/2020;28,61;EUR/MWh
07/03/2020;18,38;EUR/MWh
08/03/2020;35,87;EUR/MWh
09/03/2020;26,83;EUR/MWh
10/03/2020;26,27;EUR/MWh
11/03/2020;24,93;EUR/MWh
12/03/2020;29;EUR/MWh
13/03/2020;29,87;EUR/MWh
14/03/2020;13,84;EUR/MWh
15/03/2020;30,62;EUR/MWh
16/03/2020;28,3;EUR/MWh
17/03/2020;26,15;EUR/MWh
18/03/2020;25,39;EUR/MWh
19/03/2020;20,87;EUR/MWh
20/03/2020;11,64;EUR/MWh
21/03/2020;6,05;EUR/MWh
22/03/2020;16,72;EUR/MWh
23/03/2020;20,12;EUR/MWh
24/03/2020;22,47;EUR/MWh
25/03/2020;21,32;EUR/MWh
26/03/2020;21,46;EUR/MWh
27/03/2020;14,13;EUR/MWh
28/03/2020;6,82;EUR/MWh
29/03/2020;21,72;EUR/MWh
30/03/2020;22,05;EUR/MWh
31/03/2020;22,98;EUR/MWh
01/04/2020;21,86;EUR/MWh
02/04/2020;22,11;EUR/MWh
03/04/2020;16,83;EUR/MWh
04/04/2020;6,2;EUR/MWh
05/04/2020;12,59;EUR/MWh
06/04/2020;16,78;EUR/MWh
07/04/2020;15,17;EUR/MWh
08/04/2020;17,24;EUR/MWh
09/04/2020;14,51;EUR/MWh
10/04/2020;13,36;EUR/MWh
11/04/2020;11,37;EUR/MWh
12/04/2020;-6,5;EUR/MWh
13/04/2020;12,01;EUR/MWh
14/04/2020;14,48;EUR/MWh
15/04/2020;12,6;EUR/MWh
16/04/2020;14,06;EUR/MWh
17/04/2020;15,17;EUR/MWh
18/04/2020;7,57;EUR/MWh
19/04/2020;4,71;EUR/MWh
20/04/2020;4,18;EUR/MWh
21/04/2020;8,57;EUR/MWh
22/04/2020;17,75;EUR/MWh
23/04/2020;18,71;EUR/MWh
24/04/2020;15,47;EUR/MWh
25/04/2020;14,43;EUR/MWh
26/04/2020;19,99;EUR/MWh
27/04/2020;18,7;EUR/MWh
28/04/2020;12,77;EUR/MWh
29/04/2020;7,86;EUR/MWh
30/04/2020;5,47;EUR/MWh
01/05/2020;11,25;EUR/MWh
02/05/2020;11,89;EUR/MWh
03/05/2020;16,46;EUR/MWh
04/05/2020;17,99;EUR/MWh
05/05/2020;21,14;EUR/MWh
06/05/2020;20,41;EUR/MWh
07/05/2020;19,38;EUR/MWh
08/05/2020;17,91;EUR/MWh
09/05/2020;10,49;EUR/MWh
10/05/2020;10,49;EUR/MWh
11/05/2020;21,28;EUR/MWh
12/05/2020;22,1;EUR/MWh
13/05/2020;18,92;EUR/MWh
14/05/2020;18,62;EUR/MWh
15/05/2020;16;EUR/MWh
16/05/2020;10,11;EUR/MWh
17/05/2020;16,94;EUR/MWh
18/05/2020;19,61;EUR/MWh
19/05/2020;19,42;EUR/MWh
20/05/2020;17,82;EUR/MWh
21/05/2020;14,75;EUR/MWh
22/05/2020;11,65;EUR/MWh
23/05/2020;-10,1;EUR/MWh
24/05/2020;16,86;EUR/MWh
25/05/2020;16,44;EUR/MWh
26/05/2020;19,41;EUR/MWh
27/05/2020;17,23;EUR/MWh
28/05/2020;16,81;EUR/MWh
29/05/2020;11,7;EUR/MWh
30/05/2020;2,26;EUR/MWh
31/05/2020;8,68;EUR/MWh
01/06/2020;20,32;EUR/MWh
02/06/2020;25,39;EUR/MWh
03/06/2020;22,57;EUR/MWh
04/06/2020;17,85;EUR/MWh
05/06/2020;7,44;EUR/MWh
06/06/2020;17,4;EUR/MWh
07/06/2020;29,6;EUR/MWh
08/06/2020;29,84;EUR/MWh
09/06/2020;30,07;EUR/MWh
10/06/2020;24,06;EUR/MWh
11/06/2020;20,69;EUR/MWh
12/06/2020;20,18;EUR/MWh
13/06/2020;19,35;EUR/MWh
14/06/2020;31,05;EUR/MWh
15/06/2020;32,39;EUR/MWh
16/06/2020;34,69;EUR/MWh
17/06/2020;31,77;EUR/MWh
18/06/2020;29,86;EUR/MWh
19/06/2020;24,08;EUR/MWh
20/06/2020;19,09;EUR/MWh
21/06/2020;30,18;EUR/MWh
22/06/2020;32,27;EUR/MWh
23/06/2020;34,99;EUR/MWh
24/06/2020;35,91;EUR/MWh
25/06/2020;35,27;EUR/MWh
26/06/2020;26,78;EUR/MWh
27/06/2020;18,19;EUR/MWh
28/06/2020;29,24;EUR/MWh
29/06/2020;34,36;EUR/MWh
30/06/2020;35,13;EUR/MWh
01/07/2020;38,94;EUR/MWh
02/07/2020;36,57;EUR/MWh
03/07/2020;21,88;EUR/MWh
04/07/2020;3,19;EUR/MWh
05/07/2020;27,13;EUR/MWh
06/07/2020;35,09;EUR/MWh
07/07/2020;41,26;EUR/MWh
08/07/2020;41,54;EUR/MWh
09/07/2020;38,02;EUR/MWh
10/07/2020;29,38;EUR/MWh
11/07/2020;24,9;EUR/MWh
12/07/2020;34,68;EUR/MWh
13/07/2020;35,12;EUR/MWh
14/07/2020;39,94;EUR/MWh
15/07/2020;40,26;EUR/MWh
16/07/2020;36,98;EUR/MWh
17/07/2020;30,1;EUR/MWh
18/07/2020;28,14;EUR/MWh
19/07/2020;35,42;EUR/MWh
20/07/2020;36,05;EUR/MWh
21/07/2020;37,71;EUR/MWh
22/07/2020;39,43;EUR/MWh
23/07/2020;33,96;EUR/MWh
24/07/2020;27,29;EUR/MWh
25/07/2020;20,16;EUR/MWh
26/07/2020;35,05;EUR/MWh
27/07/2020;32,99;EUR/MWh
28/07/2020;37,69;EUR/MWh
29/07/2020;40,36;EUR/MWh
30/07/2020;41,41;EUR/MWh
31/07/2020;32,8;EUR/MWh
01/08/2020;28,34;EUR/MWh
02/08/2020;36,7;EUR/MWh
03/08/2020;34,81;EUR/MWh
04/08/2020;33,31;EUR/MWh
05/08/2020;36,72;EUR/MWh
06/08/2020;38;EUR/MWh
07/08/2020;33,17;EUR/MWh
08/08/2020;30,18;EUR/MWh
09/08/2020;38,5;EUR/MWh
10/08/2020;39,88;EUR/MWh
11/08/2020;40,49;EUR/MWh
12/08/2020;39,33;EUR/MWh
13/08/2020;37,7;EUR/MWh
14/08/2020;31,86;EUR/MWh
15/08/2020;28,8;EUR/MWh
16/08/2020;39,94;EUR/MWh
17/08/2020;41,28;EUR/MWh
18/08/2020;38,14;EUR/MWh
19/08/2020;37,79;EUR/MWh
20/08/2020;32,91;EUR/MWh
21/08/2020;25,02;EUR/MWh
22/08/2020;22,15;EUR/MWh
23/08/2020;44,73;EUR/MWh
24/08/2020;39,7;EUR/MWh
25/08/2020;37,4;EUR/MWh
26/08/2020;52,82;EUR/MWh
27/08/2020;42,61;EUR/MWh
28/08/2020;36,24;EUR/MWh
29/08/2020;33,75;EUR/MWh
30/08/2020;54,31;EUR/MWh
31/08/2020;49,87;EUR/MWh
01/09/2020;49,82;EUR/MWh
02/09/2020;46,98;EUR/MWh
03/09/2020;44,38;EUR/MWh
04/09/2020;35,38;EUR/MWh
05/09/2020;34,88;EUR/MWh
06/09/2020;45,85;EUR/MWh
07/09/2020;46,59;EUR/MWh
08/09/2020;49,48;EUR/MWh
09/09/2020;50,93;EUR/MWh
10/09/2020;52,43;EUR/MWh
11/09/2020;39,86;EUR/MWh
12/09/2020;34,71;EUR/MWh
13/09/2020;55,23;EUR/MWh
14/09/2020;72,76;EUR/MWh
15/09/2020;57,83;EUR/MWh
16/09/2020;50,25;EUR/MWh
17/09/2020;44,71;EUR/MWh
18/09/2020;39,59;EUR/MWh
19/09/2020;38,9;EUR/MWh
20/09/2020;64,4;EUR/MWh
21/09/2020;55,54;EUR/MWh
22/09/2020;48,76;EUR/MWh
23/09/2020;43,64;EUR/MWh
24/09/2020;41,93;EUR/MWh
25/09/2020;33,27;EUR/MWh
26/09/2020;31,05;EUR/MWh
27/09/2020;47,26;EUR/MWh
28/09/2020;58,82;EUR/MWh
29/09/2020;50,79;EUR/MWh
30/09/2020;44,09;EUR/MWh
01/10/2020;38,5;EUR/MWh
02/10/2020;29,96;EUR/MWh
03/10/2020;17,71;EUR/MWh
04/10/2020;33,73;EUR/MWh
05/10/2020;35,33;EUR/MWh
06/10/2020;38,33;EUR/MWh
07/10/2020;37,22;EUR/MWh
08/10/2020;42,25;EUR/MWh
09/10/2020;33,52;EUR/MWh
10/10/2020;32,76;EUR/MWh
11/10/2020;47,19;EUR/MWh
12/10/2020;46,95;EUR/MWh
13/10/2020;43,3;EUR/MWh
14/10/2020;44,03;EUR/MWh
15/10/2020;47,8;EUR/MWh
16/10/2020;41,92;EUR/MWh
17/10/2020;39,17;EUR/MWh
18/10/2020;44,63;EUR/MWh
19/10/2020;39,27;EUR/MWh
20/10/2020;38,99;EUR/MWh
21/10/2020;44,02;EUR/MWh
22/10/2020;46,68;EUR/MWh
23/10/2020;31,18;EUR/MWh
24/10/2020;18,62;EUR/MWh
25/10/2020;39,65;EUR/MWh
26/10/2020;38,88;EUR/MWh
27/10/2020;38,2;EUR/MWh
28/10/2020;37,18;EUR/MWh
29/10/2020;33,02;EUR/MWh
30/10/2020;31,98;EUR/MWh
31/10/2020;17,34;EUR/MWh
01/11/2020;26,7;EUR/MWh
02/11/2020;36,99;EUR/MWh
03/11/2020;41,63;EUR/MWh
04/11/2020;39,02;EUR/MWh
05/11/2020;40,33;EUR/MWh
06/11/2020;35,21;EUR/MWh
07/11/2020;35,03;EUR/MWh
08/11/2020;44,04;EUR/MWh
09/11/2020;46,13;EUR/MWh
10/11/2020;39,78;EUR/MWh
11/11/2020;40,88;EUR/MWh
12/11/2020;41,16;EUR/MWh
13/11/2020;36,12;EUR/MWh
14/11/2020;13,19;EUR/MWh
15/11/2020;31,29;EUR/MWh
16/11/2020;40;EUR/MWh
17/11/2020;39,24;EUR/MWh
18/11/2020;33,66;EUR/MWh
19/11/2020;44,38;EUR/MWh
20/11/2020;38,29;EUR/MWh
21/11/2020;38,05;EUR/MWh
22/11/2020;48,29;EUR/MWh
23/11/2020;46,75;EUR/MWh
24/11/2020;47,46;EUR/MWh
25/11/2020;54,68;EUR/MWh
26/11/2020;60,09;EUR/MWh
27/11/2020;47,69;EUR/MWh
28/11/2020;45,43;EUR/MWh
29/11/2020;54,52;EUR/MWh
30/11/2020;55,57;EUR/MWh
01/12/2020;74,29;EUR/MWh
02/12/2020;53,16;EUR/MWh
03/12/2020;51,15;EUR/MWh
04/12/2020;51,05;EUR/MWh
05/12/2020;46,15;EUR/MWh
06/12/2020;61,7;EUR/MWh
07/12/2020;66,73;EUR/MWh
08/12/2020;76,03;EUR/MWh
09/12/2020;70,23;EUR/MWh
10/12/2020;52,21;EUR/MWh
11/12/2020;46,22;EUR/MWh
12/12/2020;43,93;EUR/MWh
13/12/2020;47,54;EUR/MWh
14/12/2020;52,43;EUR/MWh
15/12/2020;52,1;EUR/MWh
16/12/2020;54,82;EUR/MWh
17/12/2020;48,28;EUR/MWh
18/12/2020;38,58;EUR/MWh
19/12/2020;41,4;EUR/MWh
20/12/2020;45,11;EUR/MWh
21/12/2020;34,55;EUR/MWh
22/12/2020;41,89;EUR/MWh
23/12/2020;29,93;EUR/MWh
24/12/2020;25,74;EUR/MWh
25/12/2020;29,75;EUR/MWh
26/12/2020;19,58;EUR/MWh
27/12/2020;42,09;EUR/MWh
28/12/2020;49,23;EUR/MWh
29/12/2020;50,27;EUR/MWh
30/12/2020;49,23;EUR/MWh
31/12/2020;48,4;EUR/MWh
01/01/2021;50,56;EUR/MWh
02/01/2021;47,1;EUR/MWh
03/01/2021;59,27;EUR/MWh
04/01/2021;63,85;EUR/MWh
05/01/2021;70,16;EUR/MWh
06/01/2021;82,1;EUR/MWh
07/01/2021;84,85;EUR/MWh
08/01/2021;60,6;EUR/MWh
09/01/2021;56,85;EUR/MWh
10/01/2021;67,69;EUR/MWh
11/01/2021;63,54;EUR/MWh
12/01/2021;73,85;EUR/MWh
13/01/2021;73,33;EUR/MWh
14/01/2021;72,32;EUR/MWh
15/01/2021;57,78;EUR/MWh
16/01/2021;56,66;EUR/MWh
17/01/2021;69,17;EUR/MWh
18/01/2021;60,39;EUR/MWh
19/01/2021;49,13;EUR/MWh
20/01/2021;41,6;EUR/MWh
21/01/2021;49,95;EUR/MWh
22/01/2021;51,81;EUR/MWh
23/01/2021;49,16;EUR/MWh
24/01/2021;61,7;EUR/MWh
25/01/2021;64,12;EUR/MWh
26/01/2021;59,26;EUR/MWh
27/01/2021;55,01;EUR/MWh
28/01/2021;47,71;EUR/MWh
29/01/2021;48,02;EUR/MWh
30/01/2021;47,93;EUR/MWh
31/01/2021;56,81;EUR/MWh
01/02/2021;48,7;EUR/MWh
02/02/2021;41,87;EUR/MWh
03/02/2021;52,26;EUR/MWh
04/02/2021;51,52;EUR/MWh
05/02/2021;38,34;EUR/MWh
06/02/2021;26,03;EUR/MWh
07/02/2021;50,07;EUR/MWh
08/02/2021;65,31;EUR/MWh
09/02/2021;72,48;EUR/MWh
10/02/2021;79;EUR/MWh
11/02/2021;63,46;EUR/MWh
12/02/2021;54,65;EUR/MWh
13/02/2021;47,81;EUR/MWh
14/02/2021;52,1;EUR/MWh
15/02/2021;53,68;EUR/MWh
16/02/2021;49,87;EUR/MWh
17/02/2021;48,35;EUR/MWh
18/02/2021;47,54;EUR/MWh
19/02/2021;32,74;EUR/MWh
20/02/2021;32,15;EUR/MWh
21/02/2021;48,51;EUR/MWh
22/02/2021;44,4;EUR/MWh
23/02/2021;35,98;EUR/MWh
24/02/2021;46,16;EUR/MWh
25/02/2021;47,71;EUR/MWh
26/02/2021;44,08;EUR/MWh
27/02/2021;40,76;EUR/MWh
28/02/2021;49,96;EUR/MWh
01/03/2021;54,16;EUR/MWh
02/03/2021;53,02;EUR/MWh
03/03/2021;54,28;EUR/MWh
04/03/2021;52,39;EUR/MWh
05/03/2021;44,94;EUR/MWh
06/03/2021;46,63;EUR/MWh
07/03/2021;61,74;EUR/MWh
08/03/2021;61,2;EUR/MWh
09/03/2021;54,2;EUR/MWh
10/03/2021;39,86;EUR/MWh
11/03/2021;37,36;EUR/MWh
12/03/2021;23,61;EUR/MWh
13/03/2021;24,74;EUR/MWh
14/03/2021;50,11;EUR/MWh
15/03/2021;56,23;EUR/MWh
16/03/2021;56,18;EUR/MWh
17/03/2021;64,26;EUR/MWh
18/03/2021;56,53;EUR/MWh
19/03/2021;51,46;EUR/MWh
20/03/2021;40,45;EUR/MWh
21/03/2021;60,85;EUR/MWh
22/03/2021;63,57;EUR/MWh
23/03/2021;61,41;EUR/MWh
24/03/2021;59,48;EUR/MWh
25/03/2021;53,92;EUR/MWh
26/03/2021;36,38;EUR/MWh
27/03/2021;28,31;EUR/MWh
28/03/2021;46,05;EUR/MWh
29/03/2021;55,41;EUR/MWh
30/03/2021;57,04;EUR/MWh
31/03/2021;52,79;EUR/MWh
01/04/2021;41,35;EUR/MWh
02/04/2021;35;EUR/MWh
03/04/2021;29,2;EUR/MWh
04/04/2021;26,81;EUR/MWh
05/04/2021;58,51;EUR/MWh
06/04/2021;75,26;EUR/MWh
07/04/2021;71,51;EUR/MWh
08/04/2021;72,63;EUR/MWh
09/04/2021;59,63;EUR/MWh
10/04/2021;53,34;EUR/MWh
11/04/2021;72,01;EUR/MWh
12/04/2021;83,62;EUR/MWh
13/04/2021;80,66;EUR/MWh
14/04/2021;74,32;EUR/MWh
15/04/2021;71,42;EUR/MWh
16/04/2021;64,46;EUR/MWh
17/04/2021;64,33;EUR/MWh
18/04/2021;82,16;EUR/MWh
19/04/2021;81,14;EUR/MWh
20/04/2021;78,27;EUR/MWh
21/04/2021;70,11;EUR/MWh
22/04/2021;65,19;EUR/MWh
23/04/2021;53,02;EUR/MWh
24/04/2021;37,45;EUR/MWh
25/04/2021;60,65;EUR/MWh
26/04/2021;66,56;EUR/MWh
27/04/2021;69,43;EUR/MWh
28/04/2021;68,72;EUR/MWh
29/04/2021;73,58;EUR/MWh
30/04/2021;57,01;EUR/MWh
01/05/2021;46,81;EUR/MWh
02/05/2021;66,64;EUR/MWh
03/05/2021;36,99;EUR/MWh
04/05/2021;62,48;EUR/MWh
05/05/2021;73,15;EUR/MWh
06/05/2021;72,43;EUR/MWh
07/05/2021;47,32;EUR/MWh
08/05/2021;6,65;EUR/MWh
09/05/2021;58,36;EUR/MWh
10/05/2021;72,17;EUR/MWh
11/05/2021;68,77;EUR/MWh
12/05/2021;62,74;EUR/MWh
13/05/2021;71,53;EUR/MWh
14/05/2021;57,49;EUR/MWh
15/05/2021;30,13;EUR/MWh
16/05/2021;69,9;EUR/MWh
17/05/2021;74,18;EUR/MWh
18/05/2021;76,88;EUR/MWh
19/05/2021;69,34;EUR/MWh
20/05/2021;28,05;EUR/MWh
21/05/2021;17,99;EUR/MWh
22/05/2021;23,9;EUR/MWh
23/05/2021;32,81;EUR/MWh
24/05/2021;59,83;EUR/MWh
25/05/2021;69,18;EUR/MWh
26/05/2021;72,52;EUR/MWh
27/05/2021;73,34;EUR/MWh
28/05/2021;56,57;EUR/MWh
29/05/2021;31,77;EUR/MWh
30/05/2021;66,66;EUR/MWh
31/05/2021;68,22;EUR/MWh
01/06/2021;65,97;EUR/MWh
02/06/2021;65,54;EUR/MWh
03/06/2021;71,8;EUR/MWh
04/06/2021;63,23;EUR/MWh
05/06/2021;57,55;EUR/MWh
06/06/2021;77,34;EUR/MWh
07/06/2021;76,18;EUR/MWh
08/06/2021;75,57;EUR/MWh
09/06/2021;78,19;EUR/MWh
10/06/2021;77,52;EUR/MWh
11/06/2021;46,7;EUR/MWh
12/06/2021;26,01;EUR/MWh
13/06/2021;75,07;EUR/MWh
14/06/2021;82,52;EUR/MWh
15/06/2021;86,85;EUR/MWh
16/06/2021;82,24;EUR/MWh
17/06/2021;80,72;EUR/MWh
18/06/2021;73,16;EUR/MWh
19/06/2021;57,89;EUR/MWh
20/06/2021;77,63;EUR/MWh
21/06/2021;83,18;EUR/MWh
22/06/2021;84,34;EUR/MWh
23/06/2021;88,98;EUR/MWh
24/06/2021;86,4;EUR/MWh
25/06/2021;76,44;EUR/MWh
26/06/2021;51,91;EUR/MWh
27/06/2021;87,84;EUR/MWh
28/06/2021;90,07;EUR/MWh
29/06/2021;90,24;EUR/MWh
30/06/2021;87,79;EUR/MWh
01/07/2021;96,46;EUR/MWh
02/07/2021;83,79;EUR/MWh
03/07/2021;79,36;EUR/MWh
04/07/2021;92,64;EUR/MWh
05/07/2021;80,95;EUR/MWh
06/07/2021;98,1;EUR/MWh
07/07/2021;93,9;EUR/MWh
08/07/2021;90,69;EUR/MWh
09/07/2021;81,6;EUR/MWh
10/07/2021;77,74;EUR/MWh
11/07/2021;93,33;EUR/MWh
12/07/2021;94,2;EUR/MWh
13/07/2021;70,23;EUR/MWh
14/07/2021;74,08;EUR/MWh
15/07/2021;83,48;EUR/MWh
16/07/2021;63,38;EUR/MWh
17/07/2021;45,91;EUR/MWh
18/07/2021;89,37;EUR/MWh
19/07/2021;91,18;EUR/MWh
20/07/2021;91,01;EUR/MWh
21/07/2021;88,19;EUR/MWh
22/07/2021;87,76;EUR/MWh
23/07/2021;76,16;EUR/MWh
24/07/2021;61,39;EUR/MWh
25/07/2021;86,61;EUR/MWh
26/07/2021;84,39;EUR/MWh
27/07/2021;66,99;EUR/MWh
28/07/2021;48,66;EUR/MWh
29/07/2021;42,67;EUR/MWh
30/07/2021;27,45;EUR/MWh
31/07/2021;50,15;EUR/MWh
01/08/2021;80,73;EUR/MWh
02/08/2021;90,6;EUR/MWh
03/08/2021;91,63;EUR/MWh
04/08/2021;86,2;EUR/MWh
05/08/2021;18,8;EUR/MWh
06/08/2021;43,15;EUR/MWh
07/08/2021;0,28;EUR/MWh
08/08/2021;66,58;EUR/MWh
09/08/2021;86,27;EUR/MWh
10/08/2021;99,17;EUR/MWh
11/08/2021;104,94;EUR/MWh
12/08/2021;93,66;EUR/MWh
13/08/2021;70,07;EUR/MWh
14/08/2021;51,78;EUR/MWh
15/08/2021;47,4;EUR/MWh
16/08/2021;66,76;EUR/MWh
17/08/2021;80,13;EUR/MWh
18/08/2021;94,47;EUR/MWh
19/08/2021;101,05;EUR/MWh
20/08/2021;91,46;EUR/MWh
21/08/2021;75,79;EUR/MWh
22/08/2021;90,89;EUR/MWh
23/08/2021;78,99;EUR/MWh
24/08/2021;86,29;EUR/MWh
25/08/2021;93,2;EUR/MWh
26/08/2021;96,03;EUR/MWh
27/08/2021;74,02;EUR/MWh
28/08/2021;70,88;EUR/MWh
29/08/2021;106,86;EUR/MWh
30/08/2021;108,17;EUR/MWh
31/08/2021;104,34;EUR/MWh
01/09/2021;107,19;EUR/MWh
02/09/2021;110,12;EUR/MWh
03/09/2021;107,35;EUR/MWh
04/09/2021;98,96;EUR/MWh
05/09/2021;123,98;EUR/MWh
06/09/2021;123,69;EUR/MWh
07/09/2021;122,39;EUR/MWh
08/09/2021;131,76;EUR/MWh
09/09/2021;137,24;EUR/MWh
10/09/2021;129,15;EUR/MWh
11/09/2021;109,56;EUR/MWh
12/09/2021;139,41;EUR/MWh
13/09/2021;145,52;EUR/MWh
14/09/2021;166,83;EUR/MWh
15/09/2021;169,36;EUR/MWh
16/09/2021;157,85;EUR/MWh
17/09/2021;139,67;EUR/MWh
18/09/2021;98,59;EUR/MWh
19/09/2021;153,25;EUR/MWh
20/09/2021;147,66;EUR/MWh
21/09/2021;149,74;EUR/MWh
22/09/2021;143,81;EUR/MWh
23/09/2021;147,58;EUR/MWh
24/09/2021;146,38;EUR/MWh
25/09/2021;125,72;EUR/MWh
26/09/2021;146,21;EUR/MWh
27/09/2021;159,82;EUR/MWh
28/09/2021;150,58;EUR/MWh
29/09/2021;165,57;EUR/MWh
30/09/2021;141,81;EUR/MWh
01/10/2021;101,61;EUR/MWh
02/10/2021;64,53;EUR/MWh
03/10/2021;156,36;EUR/MWh
04/10/2021;159,8;EUR/MWh
05/10/2021;182,15;EUR/MWh
06/10/2021;298,32;EUR/MWh
07/10/2021;203,56;EUR/MWh
08/10/2021;182,83;EUR/MWh
09/10/2021;149,24;EUR/MWh
10/10/2021;183;EUR/MWh
11/10/2021;188,47;EUR/MWh
12/10/2021;194,28;EUR/MWh
13/10/2021;199,52;EUR/MWh
14/10/2021;214,12;EUR/MWh
15/10/2021;189,76;EUR/MWh
16/10/2021;165,97;EUR/MWh
17/10/2021;198,34;EUR/MWh
18/10/2021;164,07;EUR/MWh
19/10/2021;101,08;EUR/MWh
20/10/2021;151,9;EUR/MWh
21/10/2021;209,65;EUR/MWh
22/10/2021;208,7;EUR/MWh
23/10/2021;168,54;EUR/MWh
24/10/2021;206,44;EUR/MWh
25/10/2021;215,68;EUR/MWh
26/10/2021;204,45;EUR/MWh
27/10/2021;193,46;EUR/MWh
28/10/2021;152,56;EUR/MWh
29/10/2021;120,49;EUR/MWh
30/10/2021;79,17;EUR/MWh
31/10/2021;92,37;EUR/MWh
01/11/2021;203,95;EUR/MWh
02/11/2021;186,06;EUR/MWh
03/11/2021;178,85;EUR/MWh
04/11/2021;188,25;EUR/MWh
05/11/2021;164,51;EUR/MWh
06/11/2021;136,93;EUR/MWh
07/11/2021;210,23;EUR/MWh
08/11/2021;190,22;EUR/MWh
09/11/2021;232,4;EUR/MWh
10/11/2021;187,89;EUR/MWh
11/11/2021;186,37;EUR/MWh
12/11/2021;170,01;EUR/MWh
13/11/2021;172,05;EUR/MWh
14/11/2021;228,06;EUR/MWh
15/11/2021;236,96;EUR/MWh
16/11/2021;214,24;EUR/MWh
17/11/2021;238,29;EUR/MWh
18/11/2021;243,74;EUR/MWh
19/11/2021;231,13;EUR/MWh
20/11/2021;226,67;EUR/MWh
21/11/2021;251,84;EUR/MWh
22/11/2021;270,21;EUR/MWh
23/11/2021;295,82;EUR/MWh
24/11/2021;302,14;EUR/MWh
25/11/2021;275,16;EUR/MWh
26/11/2021;220,09;EUR/MWh
27/11/2021;204,21;EUR/MWh
28/11/2021;301,12;EUR/MWh
29/11/2021;271,99;EUR/MWh
30/11/2021;280,1;EUR/MWh
01/12/2021;277,77;EUR/MWh
02/12/2021;299,22;EUR/MWh
03/12/2021;222,17;EUR/MWh
04/12/2021;221;EUR/MWh
05/12/2021;282,52;EUR/MWh
06/12/2021;258,65;EUR/MWh
07/12/2021;247,43;EUR/MWh
08/12/2021;287,5;EUR/MWh
09/12/2021;247,19;EUR/MWh
10/12/2021;249,47;EUR/MWh
11/12/2021;250,85;EUR/MWh
12/12/2021;300,69;EUR/MWh
13/12/2021;329,27;EUR/MWh
14/12/2021;346,28;EUR/MWh
15/12/2021;353,09;EUR/MWh
16/12/2021;341,24;EUR/MWh
17/12/2021;315,8;EUR/MWh
18/12/2021;343,16;EUR/MWh
19/12/2021;382,08;EUR/MWh
20/12/2021;442,88;EUR/MWh
21/12/2021;452,94;EUR/MWh
22/12/2021;416,44;EUR/MWh
23/12/2021;319,53;EUR/MWh
24/12/2021;218,11;EUR/MWh
25/12/2021;185,37;EUR/MWh
26/12/2021;161,08;EUR/MWh
27/12/2021;101,64;EUR/MWh
28/12/2021;155,6;EUR/MWh
29/12/2021;105,74;EUR/MWh
30/12/2021;120,02;EUR/MWh
31/12/2021;87,08;EUR/MWh
01/01/2022;49,12;EUR/MWh
02/01/2022;92,12;EUR/MWh
03/01/2022;156,3;EUR/MWh
04/01/2022;185,56;EUR/MWh
05/01/2022;225,77;EUR/MWh
06/01/2022;215,92;EUR/MWh
07/01/2022;176,56;EUR/MWh
08/01/2022;150,28;EUR/MWh
09/01/2022;261,25;EUR/MWh
10/01/2022;253,96;EUR/MWh
11/01/2022;237,2;EUR/MWh
12/01/2022;223,7;EUR/MWh
13/01/2022;233,58;EUR/MWh
14/01/2022;220,5;EUR/MWh
15/01/2022;212,55;EUR/MWh
16/01/2022;261,13;EUR/MWh
17/01/2022;244,82;EUR/MWh
18/01/2022;236,03;EUR/MWh
19/01/2022;228,02;EUR/MWh
20/01/2022;216,69;EUR/MWh
21/01/2022;202,74;EUR/MWh
22/01/2022;196,97;EUR/MWh
23/01/2022;247;EUR/MWh
24/01/2022;295,11;EUR/MWh
25/01/2022;275,45;EUR/MWh
26/01/2022;262,15;EUR/MWh
27/01/2022;250,65;EUR/MWh
28/01/2022;218,9;EUR/MWh
29/01/2022;223,55;EUR/MWh
30/01/2022;213,48;EUR/MWh
31/01/2022;213,76;EUR/MWh
01/02/2022;205,81;EUR/MWh
02/02/2022;205,97;EUR/MWh
03/02/2022;192,81;EUR/MWh
04/02/2022;193,28;EUR/MWh
05/02/2022;136,96;EUR/MWh
06/02/2022;205,5;EUR/MWh
07/02/2022;202,53;EUR/MWh
08/02/2022;209,29;EUR/MWh
09/02/2022;204,92;EUR/MWh
10/02/2022;206,96;EUR/MWh
11/02/2022;190,93;EUR/MWh
12/02/2022;150,26;EUR/MWh
13/02/2022;187,27;EUR/MWh
14/02/2022;193,44;EUR/MWh
15/02/2022;152,46;EUR/MWh
16/02/2022;132,7;EUR/MWh
17/02/2022;158,69;EUR/MWh
18/02/2022;115,95;EUR/MWh
19/02/2022;94,34;EUR/MWh
20/02/2022;153,67;EUR/MWh
21/02/2022;175;EUR/MWh
22/02/2022;189,38;EUR/MWh
23/02/2022;187,14;EUR/MWh
24/02/2022;245,43;EUR/MWh
25/02/2022;243,4;EUR/MWh
26/02/2022;196,55;EUR/MWh
27/02/2022;250,95;EUR/MWh
28/02/2022;270,02;EUR/MWh
01/03/2022;274,02;EUR/MWh
02/03/2022;346,67;EUR/MWh
03/03/2022;363,7;EUR/MWh
04/03/2022;355,04;EUR/MWh
05/03/2022;364,42;EUR/MWh
06/03/2022;421,05;EUR/MWh
07/03/2022;540,66;EUR/MWh
08/03/2022;462,3;EUR/MWh
09/03/2022;367,23;EUR/MWh
10/03/2022;278,65;EUR/MWh
11/03/2022;263,96;EUR/MWh
12/03/2022;250,32;EUR/MWh
13/03/2022;301,27;EUR/MWh
14/03/2022;295,77;EUR/MWh
15/03/2022;278,33;EUR/MWh
16/03/2022;260,26;EUR/MWh
17/03/2022;233,83;EUR/MWh
18/03/2022;208,45;EUR/MWh
19/03/2022;219,68;EUR/MWh
20/03/2022;243,59;EUR/MWh
21/03/2022;239,93;EUR/MWh
22/03/2022;242,44;EUR/MWh
23/03/2022;248,21;EUR/MWh
24/03/2022;272,79;EUR/MWh
25/03/2022;231,24;EUR/MWh
26/03/2022;207,57;EUR/MWh
27/03/2022;250,66;EUR/MWh
28/03/2022;260,19;EUR/MWh
29/03/2022;301,26;EUR/MWh
30/03/2022;294,2;EUR/MWh
31/03/2022;317,5;EUR/MWh
01/04/2022;302,92;EUR/MWh
02/04/2022;292,65;EUR/MWh
03/04/2022;551,43;EUR/MWh
04/04/2022;308,3;EUR/MWh
05/04/2022;274,35;EUR/MWh
06/04/2022;219,54;EUR/MWh
07/04/2022;248,11;EUR/MWh
08/04/2022;241,63;EUR/MWh
09/04/2022;217,91;EUR/MWh
10/04/2022;229,05;EUR/MWh
11/04/2022;239,96;EUR/MWh
12/04/2022;238,08;EUR/MWh
13/04/2022;227,92;EUR/MWh
14/04/2022;199,74;EUR/MWh
15/04/2022;152,01;EUR/MWh
16/04/2022;112,23;EUR/MWh
17/04/2022;123,55;EUR/MWh
18/04/2022;217,8;EUR/MWh
19/04/2022;206,02;EUR/MWh
20/04/2022;202,56;EUR/MWh
21/04/2022;200,52;EUR/MWh
22/04/2022;172,36;EUR/MWh
23/04/2022;149,01;EUR/MWh
24/04/2022;222,83;EUR/MWh
25/04/2022;243,57;EUR/MWh
26/04/2022;222,02;EUR/MWh
27/04/2022;230,2;EUR/MWh
28/04/2022;228,17;EUR/MWh
29/04/2022;200,93;EUR/MWh
30/04/2022;194,74;EUR/MWh
01/05/2022;218,95;EUR/MWh
02/05/2022;218,21;EUR/MWh
03/05/2022;234,59;EUR/MWh
04/05/2022;234,28;EUR/MWh
05/05/2022;225,36;EUR/MWh
06/05/2022;201,43;EUR/MWh
07/05/2022;175;EUR/MWh
08/05/2022;219,25;EUR/MWh
09/05/2022;207,13;EUR/MWh
10/05/2022;191,42;EUR/MWh
11/05/2022;196,25;EUR/MWh
12/05/2022;203,91;EUR/MWh
13/05/2022;183,59;EUR/MWh
14/05/2022;147,72;EUR/MWh
15/05/2022;218,9;EUR/MWh
16/05/2022;229,81;EUR/MWh
17/05/2022;213,33;EUR/MWh
18/05/2022;213,88;EUR/MWh
19/05/2022;207,39;EUR/MWh
20/05/2022;177,81;EUR/MWh
21/05/2022;166,19;EUR/MWh
22/05/2022;191,04;EUR/MWh
23/05/2022;183,18;EUR/MWh
24/05/2022;191,13;EUR/MWh
25/05/2022;166,02;EUR/MWh
26/05/2022;162,85;EUR/MWh
27/05/2022;151,16;EUR/MWh
28/05/2022;158,82;EUR/MWh
29/05/2022;225,99;EUR/MWh
30/05/2022;211,04;EUR/MWh
31/05/2022;216,85;EUR/MWh
01/06/2022;193,49;EUR/MWh
02/06/2022;198,71;EUR/MWh
03/06/2022;174,01;EUR/MWh
04/06/2022;153,65;EUR/MWh
05/06/2022;153,33;EUR/MWh
06/06/2022;188,1;EUR/MWh
07/06/2022;191,83;EUR/MWh
08/06/2022;185,19;EUR/MWh
09/06/2022;194,05;EUR/MWh
10/06/2022;182,38;EUR/MWh
11/06/2022;148,63;EUR/MWh
12/06/2022;203,38;EUR/MWh
13/06/2022;211,44;EUR/MWh
14/06/2022;233,26;EUR/MWh
15/06/2022;272,85;EUR/MWh
16/06/2022;303,54;EUR/MWh
17/06/2022;280,15;EUR/MWh
18/06/2022;165,43;EUR/MWh
19/06/2022;303,95;EUR/MWh
20/06/2022;354,03;EUR/MWh
21/06/2022;383,14;EUR/MWh
22/06/2022;352,56;EUR/MWh
23/06/2022;302,6;EUR/MWh
24/06/2022;258,43;EUR/MWh
25/06/2022;249,06;EUR/MWh
26/06/2022;334,25;EUR/MWh
27/06/2022;366,4;EUR/MWh
28/06/2022;335,24;EUR/MWh
29/06/2022;362,06;EUR/MWh
30/06/2022;343,16;EUR/MWh
01/07/2022;265,62;EUR/MWh
02/07/2022;215,88;EUR/MWh
03/07/2022;369,46;EUR/MWh
04/07/2022;371,6;EUR/MWh
05/07/2022;388,69;EUR/MWh
06/07/2022;381,79;EUR/MWh
07/07/2022;410,95;EUR/MWh
08/07/2022;332,92;EUR/MWh
09/07/2022;224,43;EUR/MWh
10/07/2022;384,1;EUR/MWh
11/07/2022;432,43;EUR/MWh
12/07/2022;446,95;EUR/MWh
13/07/2022;386,72;EUR/MWh
14/07/2022;397,49;EUR/MWh
15/07/2022;320,3;EUR/MWh
16/07/2022;239,88;EUR/MWh
17/07/2022;486;EUR/MWh
18/07/2022;521,3;EUR/MWh
19/07/2022;589,22;EUR/MWh
20/07/2022;555,36;EUR/MWh
21/07/2022;494,03;EUR/MWh
22/07/2022;348,32;EUR/MWh
23/07/2022;334,13;EUR/MWh
24/07/2022;373,05;EUR/MWh
25/07/2022;532,25;EUR/MWh
26/07/2022;529,62;EUR/MWh
27/07/2022;534,68;EUR/MWh
28/07/2022;499,49;EUR/MWh
29/07/2022;397,53;EUR/MWh
30/07/2022;319,51;EUR/MWh
31/07/2022;454,78;EUR/MWh
01/08/2022;471,64;EUR/MWh
02/08/2022;508,48;EUR/MWh
03/08/2022;482,37;EUR/MWh
04/08/2022;411,33;EUR/MWh
05/08/2022;282,4;EUR/MWh
06/08/2022;215,59;EUR/MWh
07/08/2022;359,18;EUR/MWh
08/08/2022;347,71;EUR/MWh
09/08/2022;336,05;EUR/MWh
10/08/2022;376,23;EUR/MWh
11/08/2022;444,91;EUR/MWh
12/08/2022;396,94;EUR/MWh
13/08/2022;365,85;EUR/MWh
14/08/2022;424,64;EUR/MWh
15/08/2022;500,82;EUR/MWh
16/08/2022;552,85;EUR/MWh
17/08/2022;553,62;EUR/MWh
18/08/2022;509,84;EUR/MWh
19/08/2022;463,23;EUR/MWh
20/08/2022;398,2;EUR/MWh
21/08/2022;571,34;EUR/MWh
22/08/2022;611,85;EUR/MWh
23/08/2022;645,54;EUR/MWh
24/08/2022;630,62;EUR/MWh
25/08/2022;706,32;EUR/MWh
26/08/2022;626,79;EUR/MWh
27/08/2022;488,78;EUR/MWh
28/08/2022;733,64;EUR/MWh
29/08/2022;743,84;EUR/MWh
30/08/2022;651,77;EUR/MWh
31/08/2022;635,63;EUR/MWh
01/09/2022;516,69;EUR/MWh
02/09/2022;416,62;EUR/MWh
03/09/2022;322,73;EUR/MWh
04/09/2022;435,82;EUR/MWh
05/09/2022;523,99;EUR/MWh
06/09/2022;468,96;EUR/MWh
07/09/2022;453,38;EUR/MWh
08/09/2022;347,52;EUR/MWh
09/09/2022;404,32;EUR/MWh
10/09/2022;390,94;EUR/MWh
11/09/2022;416,88;EUR/MWh
12/09/2022;444,21;EUR/MWh
13/09/2022;461,38;EUR/MWh
14/09/2022;436,55;EUR/MWh
15/09/2022;399;EUR/MWh
16/09/2022;225,86;EUR/MWh
17/09/2022;199,95;EUR/MWh
18/09/2022;315,65;EUR/MWh
19/09/2022;377,66;EUR/MWh
20/09/2022;381,03;EUR/MWh
21/09/2022;408,96;EUR/MWh
22/09/2022;399,15;EUR/MWh
23/09/2022;353,21;EUR/MWh
24/09/2022;272,84;EUR/MWh
25/09/2022;277,29;EUR/MWh
26/09/2022;350,21;EUR/MWh
27/09/2022;392,86;EUR/MWh
28/09/2022;464,85;EUR/MWh
29/09/2022;346,97;EUR/MWh
30/09/2022;123,46;EUR/MWh
01/10/2022;196,27;EUR/MWh
02/10/2022;287,71;EUR/MWh
03/10/2022;296,6;EUR/MWh
04/10/2022;221,83;EUR/MWh
05/10/2022;255,95;EUR/MWh
06/10/2022;271,94;EUR/MWh
07/10/2022;215,21;EUR/MWh
08/10/2022;168,46;EUR/MWh
09/10/2022;208,06;EUR/MWh
10/10/2022;269,77;EUR/MWh
11/10/2022;287,45;EUR/MWh
12/10/2022;259,9;EUR/MWh
13/10/2022;260,47;EUR/MWh
14/10/2022;159,17;EUR/MWh
15/10/2022;125,32;EUR/MWh
16/10/2022;174,3;EUR/MWh
17/10/2022;191,12;EUR/MWh
18/10/2022;159,01;EUR/MWh
19/10/2022;142,56;EUR/MWh
20/10/2022;158,13;EUR/MWh
21/10/2022;129,81;EUR/MWh
22/10/2022;87,37;EUR/MWh
23/10/2022;87,51;EUR/MWh
24/10/2022;110,06;EUR/MWh
25/10/2022;110,87;EUR/MWh
26/10/2022;121,67;EUR/MWh
27/10/2022;108,53;EUR/MWh
28/10/2022;98,56;EUR/MWh
29/10/2022;116,93;EUR/MWh
30/10/2022;144,24;EUR/MWh
31/10/2022;90,42;EUR/MWh
01/11/2022;117,11;EUR/MWh
02/11/2022;121,39;EUR/MWh
03/11/2022;186,16;EUR/MWh
04/11/2022;141,1;EUR/MWh
05/11/2022;107,69;EUR/MWh
06/11/2022;124,89;EUR/MWh
07/11/2022;113,98;EUR/MWh
08/11/2022;138,9;EUR/MWh
09/11/2022;157,32;EUR/MWh
10/11/2022;138,47;EUR/MWh
11/11/2022;153,22;EUR/MWh
12/11/2022;148,26;EUR/MWh
13/11/2022;195,2;EUR/MWh
14/11/2022;184,31;EUR/MWh
15/11/2022;175,17;EUR/MWh
16/11/2022;159,19;EUR/MWh
17/11/2022;239,34;EUR/MWh
18/11/2022;211,79;EUR/MWh
19/11/2022;211,08;EUR/MWh
20/11/2022;244,99;EUR/MWh
21/11/2022;209,91;EUR/MWh
22/11/2022;186,85;EUR/MWh
23/11/2022;237,15;EUR/MWh
24/11/2022;261,02;EUR/MWh
25/11/2022;240,18;EUR/MWh
26/11/2022;172,89;EUR/MWh
27/11/2022;318,85;EUR/MWh
28/11/2022;373,24;EUR/MWh
29/11/2022;396,44;EUR/MWh
30/11/2022;390,99;EUR/MWh
01/12/2022;384,86;EUR/MWh
02/12/2022;307,83;EUR/MWh
03/12/2022;307,19;EUR/MWh
04/12/2022;373,2;EUR/MWh
05/12/2022;418,44;EUR/MWh
06/12/2022;429,58;EUR/MWh
07/12/2022;417,36;EUR/MWh
08/12/2022;448,18;EUR/MWh
09/12/2022;370,2;EUR/MWh
10/12/2022;333,04;EUR/MWh
11/12/2022;465,49;EUR/MWh
12/12/2022;463,46;EUR/MWh
13/12/2022;451,45;EUR/MWh
14/12/2022;404,2;EUR/MWh
15/12/2022;410,65;EUR/MWh
16/12/2022;281,63;EUR/MWh
17/12/2022;230,52;EUR/MWh
18/12/2022;200,27;EUR/MWh
19/12/2022;200,96;EUR/MWh
20/12/2022;217,47;EUR/MWh
21/12/2022;194,7;EUR/MWh
22/12/2022;171,26;EUR/MWh
23/12/2022;113,11;EUR/MWh
24/12/2022;107,97;EUR/MWh
25/12/2022;74,76;EUR/MWh
26/12/2022;122,79;EUR/MWh
27/12/2022;51,54;EUR/MWh
28/12/2022;31,53;EUR/MWh
29/12/2022;18,48;EUR/MWh
30/12/2022;4,38;EUR/MWh
31/12/2022;14,91;EUR/MWh
01/01/2023;124,58;EUR/MWh
02/01/2023;146,05;EUR/MWh
03/01/2023;97,74;EUR/MWh
04/01/2023;126,68;EUR/MWh
05/01/2023;121,48;EUR/MWh
06/01/2023;85,46;EUR/MWh
07/01/2023;68,2;EUR/MWh
08/01/2023;126,41;EUR/MWh
09/01/2023;128,08;EUR/MWh
10/01/2023;87,9;EUR/MWh
11/01/2023;81,17;EUR/MWh
12/01/2023;78,81;EUR/MWh
13/01/2023;55,93;EUR/MWh
14/01/2023;34,88;EUR/MWh
15/01/2023;134,7;EUR/MWh
16/01/2023;178,67;EUR/MWh
17/01/2023;157,11;EUR/MWh
18/01/2023;184,69;EUR/MWh
19/01/2023;186,75;EUR/MWh
20/01/2023;155,73;EUR/MWh
21/01/2023;167,59;EUR/MWh
22/01/2023;204,93;EUR/MWh
23/01/2023;204,5;EUR/MWh
24/01/2023;186,3;EUR/MWh
25/01/2023;171,32;EUR/MWh
26/01/2023;171,1;EUR/MWh
27/01/2023;146,71;EUR/MWh
28/01/2023;144,6;EUR/MWh
29/01/2023;162,13;EUR/MWh
30/01/2023;159,91;EUR/MWh
31/01/2023;150,87;EUR/MWh
01/02/2023;155,59;EUR/MWh
02/02/2023;140,58;EUR/MWh
03/02/2023;152,99;EUR/MWh
04/02/2023;133,11;EUR/MWh
05/02/2023;171,48;EUR/MWh
06/02/2023;175,17;EUR/MWh
07/02/2023;164,75;EUR/MWh
08/02/2023;179,69;EUR/MWh
09/02/2023;158,71;EUR/MWh
10/02/2023;149,16;EUR/MWh
11/02/2023;143,02;EUR/MWh
12/02/2023;163,4;EUR/MWh
13/02/2023;155,94;EUR/MWh
14/02/2023;149,11;EUR/MWh
15/02/2023;148,74;EUR/MWh
16/02/2023;130,92;EUR/MWh
17/02/2023;112,57;EUR/MWh
18/02/2023;121,01;EUR/MWh
19/02/2023;134,22;EUR/MWh
20/02/2023;153,87;EUR/MWh
21/02/2023;149,83;EUR/MWh
22/02/2023;149,11;EUR/MWh
23/02/2023;148,2;EUR/MWh
24/02/2023;142,17;EUR/MWh
25/02/2023;115,54;EUR/MWh
26/02/2023;154,89;EUR/MWh
27/02/2023;160,77;EUR/MWh
28/02/2023;152,81;EUR/MWh
01/03/2023;166,06;EUR/MWh
02/03/2023;162,02;EUR/MWh
03/03/2023;142,25;EUR/MWh
04/03/2023;146,08;EUR/MWh
05/03/2023;160,06;EUR/MWh
06/03/2023;152,41;EUR/MWh
07/03/2023;139,97;EUR/MWh
08/03/2023;127,2;EUR/MWh
09/03/2023;119,84;EUR/MWh
10/03/2023;122,27;EUR/MWh
11/03/2023;95,76;EUR/MWh
12/03/2023;44,04;EUR/MWh
13/03/2023;80,98;EUR/MWh
14/03/2023;144,86;EUR/MWh
15/03/2023;107,28;EUR/MWh
16/03/2023;101,52;EUR/MWh
17/03/2023;109,9;EUR/MWh
18/03/2023;111,65;EUR/MWh
19/03/2023;125,23;EUR/MWh
20/03/2023;116,53;EUR/MWh
21/03/2023;89,03;EUR/MWh
22/03/2023;81,42;EUR/MWh
23/03/2023;56,91;EUR/MWh
24/03/2023;26,14;EUR/MWh
25/03/2023;71,82;EUR/MWh
26/03/2023;118,69;EUR/MWh
27/03/2023;124,34;EUR/MWh
28/03/2023;115,14;EUR/MWh
29/03/2023;82,68;EUR/MWh
30/03/2023;74,16;EUR/MWh
31/03/2023;59,24;EUR/MWh
01/04/2023;70,88;EUR/MWh
02/04/2023;123,47;EUR/MWh
03/04/2023;135,12;EUR/MWh
04/04/2023;142,58;EUR/MWh
05/04/2023;130,37;EUR/MWh
06/04/2023;122,94;EUR/MWh
07/04/2023;116,59;EUR/MWh
08/04/2023;105,05;EUR/MWh
09/04/2023;54,31;EUR/MWh
10/04/2023;90,61;EUR/MWh
11/04/2023;105,54;EUR/MWh
12/04/2023;116,85;EUR/MWh
13/04/2023;129,71;EUR/MWh
14/04/2023;106,3;EUR/MWh
15/04/2023;110,12;EUR/MWh
16/04/2023;124,24;EUR/MWh
17/04/2023;111,25;EUR/MWh
18/04/2023;109,53;EUR/MWh
19/04/2023;113,26;EUR/MWh
20/04/2023;118,84;EUR/MWh
21/04/2023;92,69;EUR/MWh
22/04/2023;82,76;EUR/MWh
23/04/2023;106,02;EUR/MWh
24/04/2023;111,39;EUR/MWh
25/04/2023;117,85;EUR/MWh
26/04/2023;107,7;EUR/MWh
27/04/2023;104,73;EUR/MWh
28/04/2023;100,44;EUR/MWh
29/04/2023;70,52;EUR/MWh
30/04/2023;79,58;EUR/MWh
01/05/2023;106,13;EUR/MWh
02/05/2023;93,28;EUR/MWh
03/05/2023;87,35;EUR/MWh
04/05/2023;97,73;EUR/MWh
05/05/2023;89,22;EUR/MWh
06/05/2023;79,04;EUR/MWh
07/05/2023;95,83;EUR/MWh
08/05/2023;100,44;EUR/MWh
09/05/2023;100,49;EUR/MWh
10/05/2023;111,56;EUR/MWh
11/05/2023;96,73;EUR/MWh
12/05/2023;75,27;EUR/MWh
13/05/2023;59,36;EUR/MWh
14/05/2023;89,58;EUR/MWh
15/05/2023;80,19;EUR/MWh
16/05/2023;81,51;EUR/MWh
17/05/2023;80,56;EUR/MWh
18/05/2023;79,57;EUR/MWh
19/05/2023;46,88;EUR/MWh
20/05/2023;29,95;EUR/MWh
21/05/2023;85,52;EUR/MWh
22/05/2023;73,07;EUR/MWh
23/05/2023;83,2;EUR/MWh
24/05/2023;71,84;EUR/MWh
25/05/2023;63,47;EUR/MWh
26/05/2023;59,25;EUR/MWh
27/05/2023;39,97;EUR/MWh
28/05/2023;28,83;EUR/MWh
29/05/2023;74,92;EUR/MWh
30/05/2023;63,63;EUR/MWh
31/05/2023;71,3;EUR/MWh
01/06/2023;72,79;EUR/MWh
02/06/2023;52,01;EUR/MWh
03/06/2023;48,54;EUR/MWh
04/06/2023;81,75;EUR/MWh
05/06/2023;82,71;EUR/MWh
06/06/2023;86,73;EUR/MWh
07/06/2023;81,5;EUR/MWh
08/06/2023;85,31;EUR/MWh
09/06/2023;63,08;EUR/MWh
10/06/2023;49,68;EUR/MWh
11/06/2023;99,04;EUR/MWh
12/06/2023;92,72;EUR/MWh
13/06/2023;99,44;EUR/MWh
14/06/2023;112,3;EUR/MWh
15/06/2023;127,04;EUR/MWh
16/06/2023;103,92;EUR/MWh
17/06/2023;89,46;EUR/MWh
18/06/2023;113,18;EUR/MWh
19/06/2023;119,98;EUR/MWh
20/06/2023;123,4;EUR/MWh
21/06/2023;124,49;EUR/MWh
22/06/2023;106,98;EUR/MWh
23/06/2023;76,82;EUR/MWh
24/06/2023;62,95;EUR/MWh
25/06/2023;90,31;EUR/MWh
26/06/2023;103,75;EUR/MWh
27/06/2023;106,34;EUR/MWh
28/06/2023;110,42;EUR/MWh
29/06/2023;100,79;EUR/MWh
30/06/2023;40,84;EUR/MWh
01/07/2023;-1,2;EUR/MWh
02/07/2023;67,49;EUR/MWh
03/07/2023;97,12;EUR/MWh
04/07/2023;79,93;EUR/MWh
05/07/2023;103,18;EUR/MWh
06/07/2023;93,24;EUR/MWh
07/07/2023;81,43;EUR/MWh
08/07/2023;88,36;EUR/MWh
09/07/2023;115,49;EUR/MWh
10/07/2023;104,01;EUR/MWh
11/07/2023;97,81;EUR/MWh
12/07/2023;100,53;EUR/MWh
13/07/2023;80,69;EUR/MWh
14/07/2023;29,98;EUR/MWh
15/07/2023;18,35;EUR/MWh
16/07/2023;80,72;EUR/MWh
17/07/2023;103,34;EUR/MWh
18/07/2023;88,98;EUR/MWh
19/07/2023;96,14;EUR/MWh
20/07/2023;89,36;EUR/MWh
21/07/2023;74,19;EUR/MWh
22/07/2023;32,13;EUR/MWh
23/07/2023;86,03;EUR/MWh
24/07/2023;92,83;EUR/MWh
25/07/2023;97,54;EUR/MWh
26/07/2023;88,92;EUR/MWh
27/07/2023;92,79;EUR/MWh
28/07/2023;75,9;EUR/MWh
29/07/2023;41,58;EUR/MWh
30/07/2023;69,35;EUR/MWh
31/07/2023;76,17;EUR/MWh
01/08/2023;57,68;EUR/MWh
02/08/2023;46,24;EUR/MWh
03/08/2023;92,5;EUR/MWh
04/08/2023;75,83;EUR/MWh
05/08/2023;24,16;EUR/MWh
06/08/2023;70,06;EUR/MWh
07/08/2023;67,93;EUR/MWh
08/08/2023;92,05;EUR/MWh
09/08/2023;94,32;EUR/MWh
10/08/2023;96,26;EUR/MWh
11/08/2023;80,16;EUR/MWh
12/08/2023;65,08;EUR/MWh
13/08/2023;88,78;EUR/MWh
14/08/2023;86,7;EUR/MWh
15/08/2023;104,48;EUR/MWh
16/08/2023;101,26;EUR/MWh
17/08/2023;95,68;EUR/MWh
18/08/2023;68,27;EUR/MWh
19/08/2023;90,2;EUR/MWh
20/08/2023;114,54;EUR/MWh
21/08/2023;118,63;EUR/MWh
22/08/2023;146,74;EUR/MWh
23/08/2023;144,02;EUR/MWh
24/08/2023;111,08;EUR/MWh
25/08/2023;98,37;EUR/MWh
26/08/2023;89,4;EUR/MWh
27/08/2023;103,61;EUR/MWh
28/08/2023;109,37;EUR/MWh
29/08/2023;105,43;EUR/MWh
30/08/2023;102,08;EUR/MWh
31/08/2023;101,09;EUR/MWh
01/09/2023;92,69;EUR/MWh
02/09/2023;72,93;EUR/MWh
03/09/2023;89,12;EUR/MWh
04/09/2023;93,93;EUR/MWh
05/09/2023;100,45;EUR/MWh
06/09/2023;101,27;EUR/MWh
07/09/2023;100,71;EUR/MWh
08/09/2023;92,26;EUR/MWh
09/09/2023;78,71;EUR/MWh
10/09/2023;116,55;EUR/MWh
11/09/2023;107,73;EUR/MWh
12/09/2023;105,63;EUR/MWh
13/09/2023;100,94;EUR/MWh
14/09/2023;95,78;EUR/MWh
15/09/2023;79,92;EUR/MWh
16/09/2023;72,54;EUR/MWh
17/09/2023;80,93;EUR/MWh
18/09/2023;40,26;EUR/MWh
19/09/2023;40,37;EUR/MWh
20/09/2023;82,91;EUR/MWh
21/09/2023;85,64;EUR/MWh
22/09/2023;97,67;EUR/MWh
23/09/2023;51,16;EUR/MWh
24/09/2023;87;EUR/MWh
25/09/2023;113,32;EUR/MWh
26/09/2023;103,7;EUR/MWh
27/09/2023;92,56;EUR/MWh
28/09/2023;94,72;EUR/MWh
29/09/2023;88,64;EUR/MWh
30/09/2023;68,19;EUR/MWh
01/10/2023;110,77;EUR/MWh
02/10/2023;49,47;EUR/MWh
03/10/2023;75,52;EUR/MWh
04/10/2023;92,96;EUR/MWh
05/10/2023;82,68;EUR/MWh
06/10/2023;51,18;EUR/MWh
07/10/2023;88,72;EUR/MWh
08/10/2023;114,39;EUR/MWh
09/10/2023;106,41;EUR/MWh
10/10/2023;78,88;EUR/MWh
11/10/2023;124,78;EUR/MWh
12/10/2023;69,53;EUR/MWh
13/10/2023;41,39;EUR/MWh
14/10/2023;52,63;EUR/MWh
15/10/2023;133,51;EUR/MWh
16/10/2023;112,73;EUR/MWh
17/10/2023;61,5;EUR/MWh
18/10/2023;81,16;EUR/MWh
19/10/2023;86,11;EUR/MWh
20/10/2023;42,81;EUR/MWh
21/10/2023;62,97;EUR/MWh
22/10/2023;116,07;EUR/MWh
23/10/2023;115,9;EUR/MWh
24/10/2023;108,29;EUR/MWh
25/10/2023;119,19;EUR/MWh
26/10/2023;100,71;EUR/MWh
27/10/2023;49,73;EUR/MWh
28/10/2023;16,42;EUR/MWh
29/10/2023;92,21;EUR/MWh
30/10/2023;108,79;EUR/MWh
31/10/2023;38,56;EUR/MWh
01/11/2023;57,46;EUR/MWh
02/11/2023;57,11;EUR/MWh
03/11/2023;24,55;EUR/MWh
04/11/2023;19,63;EUR/MWh
05/11/2023;73,97;EUR/MWh
06/11/2023;101,29;EUR/MWh
07/11/2023;92,58;EUR/MWh
08/11/2023;98,32;EUR/MWh
09/11/2023;93,47;EUR/MWh
10/11/2023;96,8;EUR/MWh
11/11/2023;84,44;EUR/MWh
12/11/2023;76,18;EUR/MWh
13/11/2023;65,63;EUR/MWh
14/11/2023;93,95;EUR/MWh
15/11/2023;105,27;EUR/MWh
16/11/2023;121,07;EUR/MWh
17/11/2023;85,49;EUR/MWh
18/11/2023;36,77;EUR/MWh
19/11/2023;99,44;EUR/MWh
20/11/2023;118,76;EUR/MWh
21/11/2023;109,6;EUR/MWh
22/11/2023;82,04;EUR/MWh
23/11/2023;74,18;EUR/MWh
24/11/2023;95,94;EUR/MWh
25/11/2023;117,84;EUR/MWh
26/11/2023;116,36;EUR/MWh
27/11/2023;122,78;EUR/MWh
28/11/2023;140,48;EUR/MWh
29/11/2023;168,8;EUR/MWh
30/11/2023;155,67;EUR/MWh
01/12/2023;117,22;EUR/MWh
02/12/2023;105,3;EUR/MWh
03/12/2023;111,96;EUR/MWh
04/12/2023;113,63;EUR/MWh
05/12/2023;128,62;EUR/MWh
06/12/2023;105,08;EUR/MWh
07/12/2023;102,28;EUR/MWh
08/12/2023;75,8;EUR/MWh
09/12/2023;45,35;EUR/MWh
10/12/2023;80,07;EUR/MWh
11/12/2023;88,23;EUR/MWh
12/12/2023;90,93;EUR/MWh
13/12/2023;94,18;EUR/MWh
14/12/2023;93,3;EUR/MWh
15/12/2023;74,45;EUR/MWh
16/12/2023;58,09;EUR/MWh
17/12/2023;82,84;EUR/MWh
18/12/2023;80,95;EUR/MWh
19/12/2023;67,35;EUR/MWh
20/12/2023;37,36;EUR/MWh
21/12/2023;27,5;EUR/MWh
22/12/2023;18,95;EUR/MWh
23/12/2023;0,63;EUR/MWh
24/12/2023;0,39;EUR/MWh
25/12/2023;27,09;EUR/MWh
26/12/2023;57,75;EUR/MWh
27/12/2023;21,95;EUR/MWh
28/12/2023;15,35;EUR/MWh
29/12/2023;35,02;EUR/MWh
30/12/2023;9,43;EUR/MWh
31/12/2023;13,14;EUR/MWh
01/01/2024;36,19;EUR/MWh
02/01/2024;46,11;EUR/MWh
03/01/2024;78,98;EUR/MWh
04/01/2024;90,54;EUR/MWh
05/01/2024;87,54;EUR/MWh
06/01/2024;86,32;EUR/MWh
07/01/2024;102,23;EUR/MWh
08/01/2024;106,59;EUR/MWh
09/01/2024;109,62;EUR/MWh
10/01/2024;106,79;EUR/MWh
11/01/2024;106,53;EUR/MWh
12/01/2024;87,52;EUR/MWh
13/01/2024;82,12;EUR/MWh
14/01/2024;88,9;EUR/MWh
